,detected_date,img_src,href,product_title,price_value,seller_info
0,2022-10-02 19:07:57,https://image.auction.co.kr/itemimage/2a/08/d9/2a08d9a6b7.jpg,http://itempage3.auction.co.kr/DetailView.aspx?itemno=C758213690,TUMI 언와인드 2000GMT 오 드 퍼퓸 50ml,"140,900",bliss.
1,2022-10-02 19:07:57,https://image.auction.co.kr/itemimage/2a/08/de/2a08de4c47.jpg,http://itempage3.auction.co.kr/DetailView.aspx?itemno=C758216395,TUMI 어웨이큰 0800GMT 오 드 퍼퓸 100ml,"187,000",bliss.
2,2022-10-02 19:07:57,https://image.auction.co.kr/itemimage/2a/09/38/2a09387c47.jpg,http://itempage3.auction.co.kr/DetailView.aspx?itemno=C758281309,AKMALL라벨루쏘 투미 025503025D3 노르트 백팩,"1,501,200",GSSHOP온라인몰
3,2022-10-02 19:07:57,https://image.auction.co.kr/itemimage/2a/09/72/2a09720267.jpg,http://itempage3.auction.co.kr/DetailView.aspx?itemno=C758319991,TUMI 도트 RIBBON 여름모자 비치모자 베이지 1P,"19,980",myblee10
4,2022-10-02 19:07:57,https://image.auction.co.kr/itemimage/2a/0a/22/2a0a2260c7.jpg,http://itempage3.auction.co.kr/DetailView.aspx?itemno=C758346935,마이크Micwl me2 sennheiser akg shure 테크니카 beltpack 용 새로운 미니 무선 라 발리에 클립 옷깃 마이,"36,900",상생상사
5,2022-10-02 19:07:57,https://image.auction.co.kr/itemimage/2a/0a/41/2a0a4153f7.jpg,http://itempage3.auction.co.kr/DetailView.aspx?itemno=C758382248,투미니 프렌즈 수성 네일 8ml x 6종 세트 1047498,"67,000",디앤L
6,2022-10-02 19:07:57,https://image.auction.co.kr/itemimage/2a/0a/4e/2a0a4e3457.jpg,http://itempage3.auction.co.kr/DetailView.aspx?itemno=C758442969,투미 강아지 문닫힘 방지 도어 스토퍼,"23,200",문바우
7,2022-10-02 19:07:57,https://image.auction.co.kr/itemimage/2a/0a/51/2a0a51fe07.jpg,http://itempage3.auction.co.kr/DetailView.aspx?itemno=C758464565,TUMI 투미 여성 백팩 19630 노트북 가방 14인치 배낭,"123,500",레크라
8,2022-10-02 19:07:57,https://image.auction.co.kr/itemimage/2a/0a/64/2a0a6432e7.jpg,http://itempage3.auction.co.kr/DetailView.aspx?itemno=C758473838,AKMALL라벨루쏘 투미 0196311D 리바스 백팩,"743,400",GSSHOP온라인몰
9,2022-10-02 19:07:57,https://image.auction.co.kr/itemimage/2a/0a/81/2a0a81af67.jpg,http://itempage3.auction.co.kr/DetailView.aspx?itemno=C758476418,AKMALL라벨루쏘 투미 02603581D3 알파 슬림 백팩,"763,200",GSSHOP온라인몰
10,2022-10-02 19:07:57,https://image.auction.co.kr/itemimage/2a/0a/8e/2a0a8e20f7.jpg,http://itempage3.auction.co.kr/DetailView.aspx?itemno=C758488264,(명품직구) 22FW 투미 백팩 벨트백 06602021NVYN140116 2891,"554,000",주식회사구하다
11,2022-10-02 19:07:57,https://image.auction.co.kr/itemimage/2a/0a/90/2a0a906a47.jpg,http://itempage3.auction.co.kr/DetailView.aspx?itemno=C758509028,AKMALL라벨루쏘 투미 02603581D3 알파 슬림 백팩,"763,200",GSSHOP온라인몰
12,2022-10-02 19:07:57,https://image.auction.co.kr/itemimage/2a/0a/96/2a0a969297.jpg,http://itempage3.auction.co.kr/DetailView.aspx?itemno=C758518246,투미니 네일 스티커 2종 세트 1059010,"14,000",디앤L
13,2022-10-02 19:07:57,https://image.auction.co.kr/itemimage/2a/0a/da/2a0ada4bb7.jpg,http://itempage3.auction.co.kr/DetailView.aspx?itemno=C758520061,투미니 프렌즈 수성 네일 8ml 1059109,"13,500",디앤L
14,2022-10-02 19:07:57,https://image.auction.co.kr/itemimage/2a/0a/f6/2a0af6c587.jpg,http://itempage3.auction.co.kr/DetailView.aspx?itemno=C758524655,투미니 프린세스 수성 매니큐어 1059506,"12,100",디앤L
15,2022-10-02 19:07:57,https://image.auction.co.kr/itemimage/2a/0b/15/2a0b156e47.jpg,http://itempage3.auction.co.kr/DetailView.aspx?itemno=C758572201,Tumi Mason 더플 블랙 원 사이즈 블랙. One Size 메이슨 더플,"1,339,800",만개샵2호점
16,2022-10-02 19:07:57,https://image.auction.co.kr/itemimage/2a/0b/2f/2a0b2f8237.jpg,http://itempage3.auction.co.kr/DetailView.aspx?itemno=C758592034,TUMI - Voyageur 여행용 지갑 - 여성용 카드 홀더 블랙.) 110035/1041,"619,200",만개샵2호점
17,2022-10-02 19:07:57,https://image.auction.co.kr/itemimage/2a/0b/35/2a0b350ce7.jpg,http://itempage3.auction.co.kr/DetailView.aspx?itemno=C758613602,2 조각 490mm 52LED 스트립 LCD 40V3A M00078 N31A51P0A N31A51POA V400HJ6 LE8 LED 백라이트 ME2-TREM1,"27,450",니니스토어
18,2022-10-02 19:07:57,https://image.auction.co.kr/itemimage/2a/03/d6/2a03d6e477.jpg,http://itempage3.auction.co.kr/DetailView.aspx?itemno=C758630912,AKMALL라벨루쏘 투미 02603177D3 알파3 솔루션 백팩,"830,700",GSSHOP온라인몰
19,2022-10-02 19:07:57,https://image.auction.co.kr/itemimage/2a/04/39/2a043989e7.jpg,http://itempage3.auction.co.kr/DetailView.aspx?itemno=C758634987,AKMALL라벨루쏘 투미 117297 1041 콤팩트 노트북 브리프케,"1,039,500",GSSHOP온라인몰
20,2022-10-02 19:07:57,https://image.auction.co.kr/itemimage/2a/04/39/2a04398837.jpg,http://itempage3.auction.co.kr/DetailView.aspx?itemno=C757269695,투미 Voyageur Hilden Backpack,"950,100",빅맘로그글로벌
21,2022-10-02 19:07:57,https://image.auction.co.kr/itemimage/2a/05/34/2a05342ee7.jpg,http://itempage3.auction.co.kr/DetailView.aspx?itemno=C757349909,(롯데백화점)노르트 백팩 025503025D3,"1,379,000",슈퍼마루님
22,2022-10-02 19:07:57,https://image.auction.co.kr/itemimage/2a/06/02/2a0602ec27.jpg,http://itempage3.auction.co.kr/DetailView.aspx?itemno=C757349910,(롯데백화점)알파3 솔루션 백팩 02603177D3,"823,000",현대Hmall
23,2022-10-02 19:07:57,https://image.auction.co.kr/itemimage/2a/06/0f/2a060f2707.jpg,http://itempage3.auction.co.kr/DetailView.aspx?itemno=C757550974,TUMI 남성용 통근자 재킷 통근용 재킷 반사 프린트,"725,500",그로우업투게더
24,2022-10-02 19:07:57,https://image.auction.co.kr/itemimage/2a/06/ac/2a06acb817.jpg,http://itempage3.auction.co.kr/DetailView.aspx?itemno=C757697420,쉬즈넘버나인 투미 다운 패딩조끼,"29,800",그로우업투게더
25,2022-10-02 19:07:57,https://image.auction.co.kr/itemimage/2a/06/b5/2a06b5e937.jpg,http://itempage3.auction.co.kr/DetailView.aspx?itemno=C757706399,(현대Hmall) 하프클럽/쉬즈나인 투미 다운 패딩조끼_,"29,800",글로벌9z
26,2022-10-02 19:07:57,https://image.auction.co.kr/itemimage/2a/06/bc/2a06bc24c7.jpg,http://itempage3.auction.co.kr/DetailView.aspx?itemno=C757821200,TUMI Nassau 남성용 더블 빌폴드 지갑 그레이 질감 원 사이즈 RFID,"319,400",그로우업투게더
27,2022-10-02 19:07:57,https://image.auction.co.kr/itemimage/2a/06/c0/2a06c07097.jpg,http://itempage3.auction.co.kr/DetailView.aspx?itemno=C757828064,Tumi Nassau 모노그램 패치 머니 클립 블랙 스무스 단일 사이즈 원,"176,500",그로우업투게더
28,2022-10-02 19:07:57,https://image.auction.co.kr/itemimage/2a/06/c0/2a06c0ced7.jpg,http://itempage3.auction.co.kr/DetailView.aspx?itemno=C757832516,코맥 푸쉬 다운 전동 커피 그라인더 ME2,"51,700",그로우업투게더
29,2022-10-02 19:07:57,https://image.auction.co.kr/itemimage/2a/06/c1/2a06c143e7.jpg,http://itempage3.auction.co.kr/DetailView.aspx?itemno=C757835602,Tumi 알파 글로벌 센터 플립 블랙 원 사이즈 패스케이스,"309,100",그로우업투게더
30,2022-10-02 19:07:57,https://image.auction.co.kr/itemimage/2a/06/c9/2a06c9d647.jpg,http://itempage3.auction.co.kr/DetailView.aspx?itemno=C757835863,TUMI 남성용 RFID 지갑 블랙 텍스처 원 사이즈 Rfid,"257,700",그로우업투게더
31,2022-10-02 19:07:57,https://image.auction.co.kr/itemimage/2a/06/d1/2a06d13757.jpg,http://itempage3.auction.co.kr/DetailView.aspx?itemno=C757836183,TUMI Nassau Global 남성용 RFID ID 잠금 장치가 더블 빌폴드 지갑 블랙 텍스처,"319,400",그로우업투게더
32,2022-10-02 19:07:58,https://image.auction.co.kr/itemimage/2a/06/d4/2a06d4e3a7.jpg,http://itempage3.auction.co.kr/DetailView.aspx?itemno=C757842269,TUMI Delta 슬림 더블 빌폴드 지갑 남성용 RFID ID 잠금 장치 포함 블랙,"278,300",롯데백화점2관_
33,2022-10-02 19:07:58,https://image.auction.co.kr/itemimage/2a/06/ee/2a06ee2db7.jpg,http://itempage3.auction.co.kr/DetailView.aspx?itemno=C757847903,TUMI Nassau Global 남성용 RFID ID 잠금 장치가 더블 빌폴드 지갑 그레이 텍스처,"319,400",롯데백화점2관_
34,2022-10-02 19:07:58,https://image.auction.co.kr/itemimage/2a/07/1b/2a071bef57.jpg,http://itempage3.auction.co.kr/DetailView.aspx?itemno=C757850589,Tumi Alpha 더블 빌폴드,"278,300",그로우업투게더
35,2022-10-02 19:07:58,https://image.auction.co.kr/itemimage/2a/07/1c/2a071cfc77.jpg,http://itempage3.auction.co.kr/DetailView.aspx?itemno=C757869294,프린트 루즈핏 반팔티 (OW2ME281),"53,000",그로우업투게더
36,2022-10-02 19:07:58,https://image.auction.co.kr/itemimage/2a/07/1d/2a071db5d7.jpg,http://itempage3.auction.co.kr/DetailView.aspx?itemno=C757903440,스트라이프 카라 티셔츠(OW2ME283),"94,000",지구시장7
37,2022-10-02 19:07:58,https://image.auction.co.kr/itemimage/2a/07/26/2a0726e957.jpg,http://itempage3.auction.co.kr/DetailView.aspx?itemno=C757904172,TUMI Nassau 거싯 카드 케이스 지갑 RFID ID 잠금 장치 남성용 네이비 헤링본,"175,600",사주꾸마
38,2022-10-02 19:07:58,https://image.auction.co.kr/itemimage/2a/07/83/2a0783f647.jpg,http://itempage3.auction.co.kr/DetailView.aspx?itemno=C757904708,Tumi 남성용 델타 더블 빌폴드 Delta Double Billfold 블랙,"250,700",지구시장7
39,2022-10-02 19:07:58,https://image.auction.co.kr/itemimage/2a/07/a9/2a07a94817.jpg,http://itempage3.auction.co.kr/DetailView.aspx?itemno=C757911417,투미 - 알파 3 포켓 크로스바디백 백 남성 여성 여자 사첼 블랙 1,"586,700",지구시장7
40,2022-10-02 19:07:58,https://image.auction.co.kr/itemimage/2a/07/c3/2a07c36697.jpg,http://itempage3.auction.co.kr/DetailView.aspx?itemno=C757976494,Tumi 행거 세트 블랙. One Size 수하물 액세서리 여행용 - 의류 가방용 내구성 있는 양면 후크 2개,"94,800",바다건너마켓4
41,2022-10-02 19:07:58,https://image.auction.co.kr/itemimage/2a/08/3e/2a083e7867.jpg,http://itempage3.auction.co.kr/DetailView.aspx?itemno=C758000902,투미 남성 남자 주니어 크로스바디백 백 블랙.,"714,800",바다건너마켓4
42,2022-10-02 19:07:58,https://image.auction.co.kr/itemimage/2a/08/41/2a08412e77.jpg,http://itempage3.auction.co.kr/DetailView.aspx?itemno=C758019729,투미 여성 여자 루마 크로스바디백 백 블랙실버,"389,600",바다건너마켓4
43,2022-10-02 19:07:58,https://image.auction.co.kr/itemimage/2a/08/41/2a0841f537.jpg,http://itempage3.auction.co.kr/DetailView.aspx?itemno=C758105133,TUMI - Luggage Accessories 여행용 Hanger 세트 of 2 Durable Reversible Hook for Gar남성t 가방 Black 1,"88,000",바다건너마켓4
44,2022-10-02 19:07:58,https://image.auction.co.kr/itemimage/2a/08/43/2a08433a67.jpg,http://itempage3.auction.co.kr/DetailView.aspx?itemno=C758106997,Tumi Official TUMI Alpha 3 여행용 Kit 5.5 inches (14 cm) 1.2 lbs (0.55 kg) black (black 19-3911tc,"269,000",바다건너마켓4
45,2022-10-02 19:07:58,https://image.auction.co.kr/itemimage/2a/08/46/2a0846d627.jpg,http://itempage3.auction.co.kr/DetailView.aspx?itemno=C758107562,Tumi Voyageur Madina Cosmetic Case Be에트로ot One 사이즈 137717,"497,000",그로우업투게더
46,2022-10-02 19:07:58,https://image.auction.co.kr/itemimage/29/fd/5f/29fd5f9a57.jpg,http://itempage3.auction.co.kr/DetailView.aspx?itemno=C758108465,Tumi 남성 Tahoe Finch Backpack Black One 사이즈 137719,"1,168,000",라이어온킹
47,2022-10-02 19:07:58,https://image.auction.co.kr/itemimage/29/fd/9b/29fd9b4447.jpg,http://itempage3.auction.co.kr/DetailView.aspx?itemno=C758111045,TUMI 여성 Just In Case Backpack Be에트로ot Red One 사이즈 137729,"216,000",마수리샵
48,2022-10-02 19:07:58,https://image.auction.co.kr/itemimage/29/fd/f3/29fdf39e77.jpg,http://itempage3.auction.co.kr/DetailView.aspx?itemno=C755948006,TUMI 남녀공용 알파 3 트래블 토트백 블랙 사첼 크로스백백,"975,400",희망찬쇼핑
49,2022-10-02 19:07:58,https://image.auction.co.kr/itemimage/29/fe/14/29fe14f6f7.jpg,http://itempage3.auction.co.kr/DetailView.aspx?itemno=C755993025,1of72 Me262A1of2 최후의 에이스 SPECIAL EDITION,"29,700",마수리샵
50,2022-10-02 19:07:58,https://image.auction.co.kr/itemimage/29/fe/23/29fe23d087.jpg,http://itempage3.auction.co.kr/DetailView.aspx?itemno=C756048334,투미 TUMI - Harrison Osborn 롤 탑 노트북 백팩 15인치 컴퓨터 가방 남성 및 여성용 블랙,"1,436,600",낌유스토어
51,2022-10-02 19:07:58,https://image.auction.co.kr/itemimage/29/fe/75/29fe751767.jpg,http://itempage3.auction.co.kr/DetailView.aspx?itemno=C756074630,무선 듀얼 가습기 교체용 필터 4개입 라온파인 투미,"8,820",낌유스토어
52,2022-10-02 19:07:58,https://image.auction.co.kr/itemimage/29/fe/7d/29fe7de9a7.jpg,http://itempage3.auction.co.kr/DetailView.aspx?itemno=C756087119,투미 TUMI 여성용 Uma 백팩 블랙. One Size Voyageur,"1,294,200",낌유스토어
53,2022-10-02 19:07:58,https://image.auction.co.kr/itemimage/29/fe/7f/29fe7f63a7.jpg,http://itempage3.auction.co.kr/DetailView.aspx?itemno=C756144574,TUMI - 여행 가방 액세서리 파우치 - 남성 및 여성용 여행용 세면도구 가방 블랙. Small,"172,600",낌유스토어
54,2022-10-02 19:07:58,https://image.auction.co.kr/itemimage/29/ff/0f/29ff0f5927.jpg,http://itempage3.auction.co.kr/DetailView.aspx?itemno=C756149829,Tumi Mason 더플 블랙 원 사이즈 블랙. One Size 메이슨 더플,"1,339,800",어센틱홀딩스
55,2022-10-02 19:07:58,https://image.auction.co.kr/itemimage/29/ff/16/29ff164137.jpg,http://itempage3.auction.co.kr/DetailView.aspx?itemno=C756150722,TUMI - Voyageur 여행용 지갑 - 여성용 카드 홀더 블랙.) 110035/1041,"619,200",이엠에스칠
56,2022-10-02 19:07:58,https://image.auction.co.kr/itemimage/29/ff/33/29ff336c77.jpg,http://itempage3.auction.co.kr/DetailView.aspx?itemno=C756255204,TUMI 신발 가방 블랙. One Size Tumi 신발 가방 세트 블랙,"123,800",케이지국제상사
57,2022-10-02 19:07:58,https://image.auction.co.kr/itemimage/29/ff/4d/29ff4dc217.jpg,http://itempage3.auction.co.kr/DetailView.aspx?itemno=C756260236,E2E-X2ME1 E32-T14L,"146,800",스타일글로벌
58,2022-10-02 19:07:58,https://image.auction.co.kr/itemimage/29/ff/8d/29ff8d4c67.jpg,http://itempage3.auction.co.kr/DetailView.aspx?itemno=C756281073,푸쉬다운 전동 커피그라인더 전자동커피분쇄기 원두그라인더 핸드밀 (ME2)787625 35,"53,000",스타일글로벌
59,2022-10-02 19:07:58,https://image.auction.co.kr/itemimage/29/ff/8e/29ff8e2cb7.jpg,http://itempage3.auction.co.kr/DetailView.aspx?itemno=C756300366,투미 언와인드 20:00 GMT 오 드 퍼퓸,"108,000",라라직구
60,2022-10-02 19:07:58,https://image.auction.co.kr/itemimage/2a/00/3b/2a003bcb87.jpg,http://itempage3.auction.co.kr/DetailView.aspx?itemno=C756348255,투미 로레인 남성 스포티 노트북 백팩,"788,600",라라직구
61,2022-10-02 19:07:58,https://image.auction.co.kr/itemimage/2a/00/4b/2a004b0d27.jpg,http://itempage3.auction.co.kr/DetailView.aspx?itemno=C756348919,투미 네비게이션 백팩,"987,000",현대Hmall
62,2022-10-02 19:07:58,https://image.auction.co.kr/itemimage/2a/01/4f/2a014ffa87.jpg,http://itempage3.auction.co.kr/DetailView.aspx?itemno=C756483391,TUMI TRAVEL WALLET (0196380D1100351041) (트래블 월렛),"195,600",재팬스트리트
63,2022-10-02 19:07:58,https://image.auction.co.kr/itemimage/2a/01/a7/2a01a70317.jpg,http://itempage3.auction.co.kr/DetailView.aspx?itemno=C756495190,TUMI BRADNER BACKPACK(06602011D1305331041) (브래드너 백팩),"616,700",현대Hmall
64,2022-10-02 19:07:58,https://image.auction.co.kr/itemimage/2a/01/e1/2a01e14c37.jpg,http://itempage3.auction.co.kr/DetailView.aspx?itemno=C756720569,사투미 밴딩 와이드 보이핏 핀턱 긴바지,"42,400",현대Hmall
65,2022-10-02 19:07:58,https://image.auction.co.kr/itemimage/2a/01/fe/2a01fe13c7.jpg,http://itempage3.auction.co.kr/DetailView.aspx?itemno=C756801794,연관상품,"10,800",제이나래
66,2022-10-02 19:07:58,https://image.auction.co.kr/itemimage/2a/02/12/2a0212fc37.jpg,http://itempage3.auction.co.kr/DetailView.aspx?itemno=C756857342,(현대Hmall)해피하우스 톡 투 미 Talk to Me 2,"820,600",빅맘로그글로벌
67,2022-10-02 19:07:58,https://image.auction.co.kr/itemimage/2a/02/34/2a023494a7.jpg,http://itempage3.auction.co.kr/DetailView.aspx?itemno=C756884819,1070130333 다른 주 TUMI for UNITED ARROWS투미 훠 유나이티드 애로우즈 토트백,"10,800",빅맘로그글로벌
68,2022-10-02 19:07:58,https://image.auction.co.kr/itemimage/2a/02/36/2a0236e777.jpg,http://itempage3.auction.co.kr/DetailView.aspx?itemno=C756904793,(현대Hmall)해피하우스 톡 투 미 Talk to Me 1,"10,800",빅맘로그글로벌
69,2022-10-02 19:07:58,https://image.auction.co.kr/itemimage/2a/02/3a/2a023a75a7.jpg,http://itempage3.auction.co.kr/DetailView.aspx?itemno=C756934401,(현대Hmall)해피하우스 톡 투 미 Talk to Me 3,"314,700",빅맘로그글로벌
70,2022-10-02 19:07:59,https://image.auction.co.kr/itemimage/2a/02/57/2a0257b8e7.jpg,http://itempage3.auction.co.kr/DetailView.aspx?itemno=C756936487,투미 Juno Running Belt Bag,"241,100",빅맘로그글로벌
71,2022-10-02 19:07:59,https://image.auction.co.kr/itemimage/2a/02/62/2a0262f537.jpg,http://itempage3.auction.co.kr/DetailView.aspx?itemno=C756939449,투미 Voyageur Just in Case Nylon Travel Backpack,"1,082,900",에스에스물류무역
72,2022-10-02 19:07:59,https://image.auction.co.kr/itemimage/2a/02/78/2a0278dfd7.jpg,http://itempage3.auction.co.kr/DetailView.aspx?itemno=C756962630,투미 Voyager Carson Nylon Backpack,"498,500",마켓로드구매대행
73,2022-10-02 19:07:59,https://image.auction.co.kr/itemimage/2a/02/bb/2a02bb47a7.jpg,http://itempage3.auction.co.kr/DetailView.aspx?itemno=C756970512,투미 Voyageur Ruma Nylon Bag,"551,600",마수리샵
74,2022-10-02 19:07:59,https://image.auction.co.kr/itemimage/2a/02/ef/2a02ef20e7.jpg,http://itempage3.auction.co.kr/DetailView.aspx?itemno=C756986749,투미 Katy Leather Crossbody Bag,"319,900",마수리샵
75,2022-10-02 19:07:59,https://image.auction.co.kr/itemimage/2a/02/f7/2a02f72c87.jpg,http://itempage3.auction.co.kr/DetailView.aspx?itemno=C757032788,투미 Alpha Passport Case,"276,900",마켓로드구매대행
76,2022-10-02 19:07:59,https://image.auction.co.kr/itemimage/2a/02/f9/2a02f9bae7.jpg,http://itempage3.auction.co.kr/DetailView.aspx?itemno=C757072767,새로운 오리지널 GV2ME103 1 년 보증 빠른 배송,"273,100",마수리샵
77,2022-10-02 19:07:59,https://image.auction.co.kr/itemimage/2a/03/5c/2a035c2bd7.jpg,http://itempage3.auction.co.kr/DetailView.aspx?itemno=C757079037,투미 Tumi Alpha 더블 빌폴드 152577,"1,035,100",마수리샵
78,2022-10-02 19:07:59,https://image.auction.co.kr/itemimage/2a/03/95/2a0395d097.jpg,http://itempage3.auction.co.kr/DetailView.aspx?itemno=C757080969,투미 TUMI 남녀공용 알파 3 미디엄 트래블 토트백 블랙 사첼 크로스바디백,"534,100",미니언51
79,2022-10-02 19:07:59,https://image.auction.co.kr/itemimage/2a/03/9b/2a039b7ec7.jpg,http://itempage3.auction.co.kr/DetailView.aspx?itemno=C757165925,투미 Tumi 여성용 케이티 크로스바디 백 블랙. One Size,"945,100",헨리옥션
80,2022-10-02 19:07:59,https://image.auction.co.kr/itemimage/29/f6/5b/29f65b2607.jpg,http://itempage3.auction.co.kr/DetailView.aspx?itemno=C757213693,투미 TUMI 남녀공용 알파 3 미디엄 트래블 토트백 블랙 사첼 크로스바디백 152452,"1,553,100",앤디상회
81,2022-10-02 19:07:59,https://image.auction.co.kr/itemimage/29/f6/87/29f687eae7.jpg,http://itempage3.auction.co.kr/DetailView.aspx?itemno=C757218374,투미 Tumi Mason 더플 블랙 원 사이즈 블랙. One Size 메이슨,"748,300",빅맘로그글로벌
82,2022-10-02 19:07:59,https://image.auction.co.kr/itemimage/29/f6/cc/29f6ccb5d7.jpg,http://itempage3.auction.co.kr/DetailView.aspx?itemno=C754559379,투미 TUMI - Voyageur 여행용 지갑 여성용 카드 홀더 블랙.) 110035/1041,"491,570",빅맘로그글로벌
83,2022-10-02 19:07:59,https://image.auction.co.kr/itemimage/29/f7/71/29f771ad47.jpg,http://itempage3.auction.co.kr/DetailView.aspx?itemno=C754593267,디오 토그핏 클로즈 투미 2단침대 (강아지 침대),"609,500",빅맘로그글로벌
84,2022-10-02 19:07:59,https://image.auction.co.kr/itemimage/29/f7/73/29f77318f7.jpg,http://itempage3.auction.co.kr/DetailView.aspx?itemno=C754648897,투미 여성용 Tula 크로스백 가방,"496,600",빅맘로그글로벌
85,2022-10-02 19:07:59,https://image.auction.co.kr/itemimage/29/f7/73/29f7735cb7.jpg,http://itempage3.auction.co.kr/DetailView.aspx?itemno=C754777050,투미 서류 케이스 공식 정규품 ALPHA SLG PORTFOLIO 맨즈 BLACK 1031684,"241,100",빅맘로그글로벌
86,2022-10-02 19:07:59,https://image.auction.co.kr/itemimage/29/f7/73/29f773e287.jpg,http://itempage3.auction.co.kr/DetailView.aspx?itemno=C754778087,투미 Alpha Travel Lanyard,"274,900",빅맘로그글로벌
87,2022-10-02 19:07:59,https://image.auction.co.kr/itemimage/29/f7/74/29f774bea7.jpg,http://itempage3.auction.co.kr/DetailView.aspx?itemno=C754778265,투미 Donington Folding Card Case,"229,800",빅맘로그글로벌
88,2022-10-02 19:07:59,https://image.auction.co.kr/itemimage/29/f7/74/29f774d197.jpg,http://itempage3.auction.co.kr/DetailView.aspx?itemno=C754778632,투미 Slim Leather Card Case,"241,100",빅맘로그글로벌
89,2022-10-02 19:07:59,https://image.auction.co.kr/itemimage/29/f7/74/29f774e697.jpg,http://itempage3.auction.co.kr/DetailView.aspx?itemno=C754779246,투미 Delta ID Lock Shielded Slim Single Billfold,"319,900",Blesscompany
90,2022-10-02 19:07:59,https://image.auction.co.kr/itemimage/29/f7/74/29f774f827.jpg,http://itempage3.auction.co.kr/DetailView.aspx?itemno=C754779305,투미 Delta ID Lock Shielded LFold Wallet,"353,700",Blesscompany
91,2022-10-02 19:07:59,https://image.auction.co.kr/itemimage/29/f8/18/29f81841e7.jpg,http://itempage3.auction.co.kr/DetailView.aspx?itemno=C754779375,투미 Delta Global ID Lock Shielded Removable Passcase Wallet,"229,800",Blesscompany
92,2022-10-02 19:07:59,https://image.auction.co.kr/itemimage/29/f8/18/29f81887d7.jpg,http://itempage3.auction.co.kr/DetailView.aspx?itemno=C754779435,투미 Delta ID Lock Shielded Money Clip Card Case,"353,700",Blesscompany
93,2022-10-02 19:07:59,https://image.auction.co.kr/itemimage/29/f8/1d/29f81d3e17.jpg,http://itempage3.auction.co.kr/DetailView.aspx?itemno=C754899747,투미 Delta Global ID Lock Shielded Center Flip Passcase,"602,900",Blesscompany
94,2022-10-02 19:07:59,https://image.auction.co.kr/itemimage/29/f8/1d/29f81d8897.jpg,http://itempage3.auction.co.kr/DetailView.aspx?itemno=C754899912,TUMI 투미 알파3 슬림 백팩,"318,900",Blesscompany
95,2022-10-02 19:07:59,https://image.auction.co.kr/itemimage/29/f8/26/29f82668d7.jpg,http://itempage3.auction.co.kr/DetailView.aspx?itemno=C754903103,TUMI 투미 알파3 오거나이저 트래블 토드 크로스백,"366,900",Blesscompany
